Region,0,1,2,3,4,5,6,7,8,9,10,11,12,13,14,15,16,17,18,19,20,21,22,23
Kinyinya,2245.030641494314,1361.6666166821076,956.605183739804,956.605183739804,1508.148934537304,3770.37233634326,9285.80984431826,14521.005359213486,16352.034332403444,17084.445921679424,18463.30529867318,19475.958881028935,20768.85445646447,19902.683191963908,19329.476563173735,20122.406668746702,21781.50803882023,24087.057196611528,24647.54118277108,23182.718004219118,21071.447037949387,15056.04406011181,8540.675612411665,4343.578965133431
Bumbogo,2071.674157201637,1248.668557882511,851.3259171267705,851.3259171267705,1305.3091934978004,3263.2729837445004,7803.1057474548,11632.785087352193,12340.793032543306,12623.996210619754,13758.95440154733,14752.311003436678,16455.821029138937,15519.105062864874,14695.670367821389,15604.066016287808,17449.177631028288,20146.0442586199,21566.35110624571,20999.944750092818,19581.783381088797,14246.836240142658,8116.774721960682,4086.7076787879855
Ndera,1719.1233977878833,1035.7187878030704,704.6283556365152,704.6283556365152,1078.166279106475,2695.415697766187,6430.794932465785,9550.68554326602,10081.279184558576,10293.5166410756,11227.361449750499,12055.087530166886,13498.302234482639,12713.023645369656,12012.64003886348,12776.694882324764,14326.02831489903,16596.969099631173,17827.946347429905,17403.471434395855,16257.389169203936,11842.850073649863,6749.15111724132,3395.7993042723624
Gisozi,1241.463991442254,758.3139880469653,550.3279693033531,550.3279693033531,892.6699198630942,2231.674799657735,5655.094305255146,9230.328423074172,10909.777570775781,11581.557229856426,12437.412106255779,12957.377153114809,13325.527587752227,12939.918472709327,12823.021221298679,13141.452370433519,13845.492634611255,14733.608116107702,14429.978891664472,13086.419573503184,11558.785038023187,8085.6462469231965,4562.7881703206285,2348.572051068379
Gahanga,1123.9782863150367,687.2309758803069,500.9673308911546,500.9673308911546,815.6710167931565,2039.1775419828912,5186.214401002911,8509.792352114297,10115.292863524917,10757.493068089165,11544.25228284417,12009.91139531705,12299.029415698567,11961.810344138534,11881.471354404202,12154.47040550781,12764.688528171448,13519.465661025843,13166.38347684311,11881.983067714615,10453.023648395361,7289.867820097433,4110.593022521598,2119.5165317172236
Masaka,1051.6582221572119,644.8921243517868,476.252053092724,476.252053092724,783.8640349263851,1959.6600873159625,5035.779905652573,8385.159098714517,10122.307980896994,10817.167533769985,11586.197488354137,12007.797666501796,12156.138469924117,11873.51020235106,11868.825755927197,12081.968068212956,12577.738648071776,13147.679629641756,12601.16088019109,11211.44177444511,9747.552266987965,6736.23395751479,3789.717156905053,1964.3445337398257
Nduba,1414.768938344094,850.3274448078492,571.771902543209,571.771902543209,864.9882628217777,2162.470657054444,5094.634259840132,7403.71309703386,7586.973322207965,7660.277412277607,8393.31831297403,9089.70716863563,10409.18078988919,9727.452752241517,9075.046350621702,9749.443979262409,11105.56964555079,13121.43212246595,14367.601653649866,14220.993473510582,13414.648482744518,9837.408887345979,5615.093299334591,2814.87705867426
Jabana,1309.255464815145,786.910020303403,529.1291515833228,529.1291515833228,800.4774344465652,2001.193586116413,4714.6764147488375,6851.544142296872,7021.136819086398,7088.973889802209,7767.344596960315,8411.796768760516,9632.864041645107,9001.979283988068,8398.229354617353,9022.33040520281,10277.316213445307,12142.8356581301,13296.06586029888,13160.391718867259,12414.183940993342,9103.734890061784,5196.319616831093,2604.9435154871276
Kigali,1090.1723552763851,661.7119477567625,466.5030804742797,466.5030804742797,737.7972936660767,1844.4932341651918,4557.435366083161,7162.782059341494,8113.848883207921,8494.27561275449,9172.511145733984,9660.533313940192,10256.150920806034,9844.214098509141,9584.447968030876,9958.342117373113,10744.173089012242,11827.812864084292,12043.003741403563,11282.150282310424,10223.48801978436,7288.822430342783,4132.433383377598,2104.259364643456
Kimironko,839.7155196980602,517.8017397159327,391.7759194676105,391.7759194676105,657.5260186868987,1643.815046717247,4301.316038910129,7342.373875337036,9088.92736247411,9787.548757328941,10451.924005377163,10766.988555997967,10698.496262384748,10523.155990734911,10627.264277027001,10732.742409191358,11013.560813005553,11260.133070013142,10493.019381545091,9095.776591835433,7732.779948932382,5249.249382517075,2939.6892418793427,1539.7067604251545
Nyamirambo,927.6137538790217,567.5810183552005,415.09656566275856,415.09656566275856,677.7086786330751,1694.2716965826878,4320.3928262858535,7115.941125647289,8492.536879120722,9043.175180510098,9699.70546293589,10080.916594666993,10292.700556739828,10021.617085286598,9970.788934389118,10186.808575703411,10673.911688470933,11266.906782274877,10928.052442958337,9826.775840179589,8619.607256364425,5997.721805902714,3380.072034682462,1745.0998474801686
Gatenga,794.2685503781544,490.9834434654865,375.39667310563703,375.39667310563703,635.2065758514246,1588.0164396285618,4186.115467086437,7216.363230574382,9019.15238539861,9740.2680473283,10389.79280419277,10678.759730092392,10535.577919961948,10390.834126448264,10534.536597706454,10607.16882502717,10824.544845861572,10970.329961630754,10106.032489570616,8663.801165711237,7293.160746917075,4910.875756910359,2744.404804354803,1444.3139683703707
Kanombe,864.7060633307397,531.0317605189027,394.7149154141316,394.7149154141316,653.112985723492,1632.78246430873,4216.763167402335,7070.357883756958,8596.373198814324,9206.77932483727,9852.774500610672,10193.566613372599,10264.74471287351,10046.033825316172,10071.48538816801,10229.155663123056,10605.536825635436,11017.507037898273,10478.279011376235,9257.466759330344,8001.065457533995,5503.576929894524,3092.5805777091905,1607.33090145689
Rusororo,1031.1381907105995,625.8649714760852,441.18350448314203,441.18350448314203,697.6855419733408,1744.2138549333524,4309.2342298353415,6771.65378974125,7669.410920956945,8028.513773443224,8669.768867168721,9131.472534651079,9695.777017129516,9305.893920144415,9059.651964153823,9413.624775890297,10157.480684611875,11183.488834572672,11388.69046456483,10670.484759592271,9670.126813380497,6894.774767736545,3909.09105135063,1990.455810923943
Mageregere,1012.390892177513,611.3789154059007,420.7338772685768,420.7338772685768,650.8227163998298,1627.0567909995746,3927.945182312104,5949.43998325097,6442.487495675083,6639.706500644727,7214.928598472862,7691.541193816171,8447.547379533144,8010.378585183764,7652.097392822242,8069.544286674657,8924.159974876455,10156.778755936737,10715.565936684066,10321.127926744775,9548.686823946997,6909.239140769911,3931.2321657282646,1985.337983361097
Nyarugunga,731.7216344823065,450.1513952636588,337.1623120900219,337.1623120900219,561.3355410064069,1403.3388525160174,3645.0711416798667,6160.251451623367,7550.053273407718,8105.9740021214575,8666.40707441242,8948.879782346514,8957.904469500958,8786.615907309613,8837.695636603765,8953.392125923736,9240.37717743505,9531.874572523586,8984.978530964288,7873.137073536806,6756.783272532102,4621.72278553378,2593.3341007009817,1352.2591232218651
Kigarama,574.8006824251722,358.1429754111068,282.9705367940829,282.9705367940829,490.76863497114186,1226.9215874278545,3304.902569198444,5858.08075222665,7515.901496727088,8179.029794527261,8698.52503996991,8886.45613651247,8599.190031797414,8543.88459481489,8753.830476952435,8742.823084154941,8787.121128339975,8687.786120167479,7737.391717652248,6411.135122051897,5228.511578809074,3426.789308956047,1901.3257510205835,1016.9757052903094
Kimisagara,501.9605487456646,315.680571732401,258.80118943827466,258.80118943827466,460.72299658242304,1151.8074914560575,3171.0255628975415,5773.25730285382,7586.287613479096,8311.499737729206,8816.304255589577,8958.502711324893,8517.687498545414,8520.531467660121,8813.46028647487,8738.095104935153,8659.88595428073,8361.269197236566,7195.2418602069765,5744.817611706755,4514.800969596275,2861.0329293945524,1572.714920432592,858.8786726413072
Jali,945.3875790668764,568.2122236878635,382.0737366177013,382.0737366177013,578.0089861652405,1445.0224654131011,3404.3749608884923,4947.365051075363,5069.824582042575,5118.808394429459,5608.6465182983075,6073.992735973713,6955.701358937639,6500.15190373961,6064.195973496336,6514.847047455675,7421.047576613044,8768.102417252376,9600.827227829417,9502.859603055647,8964.037666799915,6573.6276223199375,3752.1600288353743,1880.9783956563758
Remera,310.2005842009542,199.31278915900393,176.84998823410723,176.84998823410723,331.2371755433178,828.0929388582946,2371.9648119503995,4519.301614651833,6168.356444455757,6827.978376377327,7213.946344650352,7270.1033469625945,6722.795419665507,6798.56280373758,7138.178960578281,6996.4493833140505,6778.9524219777495,6287.801496992906,5080.871637774249,3761.6277739311117,2716.0378737365154,1577.7443506772668,845.0291776508751,488.47678201759453
Gatsata,603.3306923972068,364.9984023065974,253.33222443197636,253.33222443197636,394.9982709893315,987.4956774733286,2404.1561430468805,3691.6505073475496,4066.6488658817248,4216.648209295396,4570.813325688782,4849.978770375335,5258.3103163347705,5009.144740330952,4819.9789016926015,5054.144543355054,5537.475761021325,6224.972751667313,6483.304954213078,6183.306267385738,5679.14180757868,4088.3154377081437,2323.323163540625,1176.6615161116797
Kacyiru,306.9305656774035,192.9942193274582,158.11574595502603,158.11574595502603,281.35301853761985,703.3825463440495,1935.7552721699874,3522.725810615653,4627.210800742673,5069.004796793481,5377.097978249965,5464.294161681046,5196.8925324923985,5198.05514827148,5375.935362470884,5330.593347086722,5284.088715923479,5103.883270165913,4394.687644926458,3511.099652824843,2761.21247531755,1750.899363296097,962.6458650791291,525.5023321446453
Kanyinya,525.1117213385478,317.60789597089587,220.2081412064878,220.2081412064878,343.0165276485675,857.5413191214187,2085.625183542216,3197.2528194403517,3514.8607154112474,3641.903873799605,3948.9248399048047,4192.424226815825,4552.379842249507,4334.289087016158,4167.015595138153,4372.402034532666,4795.879229160528,5399.33423150523,5632.246688550553,5378.160371773835,4944.0962472802785,3561.4432068203114,2024.220990321176,1024.814810999424
Niboye,241.8717323085405,155.41352730991684,137.9106446225864,137.9106446225864,258.31840655784237,645.796016394606,1849.8736357471655,3524.7184446210267,4811.029435220095,5325.553831459723,5626.573236297863,5670.33044301619,5243.320460213214,5302.468132742813,5567.4255637682645,5456.825451614702,5287.07766693154,4903.824890846891,3962.2905118042877,2933.2417193250326,2117.697918247265,1230.0301695441185,658.7722914903854,380.8385853691554
Nyakabanda,459.84719093601115,279.9069857871372,199.9335612765266,199.9335612765266,319.8936980424425,799.7342451061063,1999.3356127652655,3198.936980424425,3698.7708836157417,3898.7044448922675,4198.604786807057,4398.538348083584,4598.471909360111,4438.5250603388895,4358.551635828278,4498.5051287218475,4798.405470636637,5198.272593189691,5198.272593189691,4798.405470636638,4298.571567445322,3038.990131403204,1719.428626978129,879.7076696167171
Kagarama,392.1553179111744,240.87641900171118,179.19504018449595,179.19504018449595,296.70870155177664,741.7717538794416,1916.9083675522488,3217.0029469323454,3914.9064788081637,4194.067891558491,4487.852044976693,4642.055492019731,4671.30097335548,4572.929808862508,4586.223209469666,4656.678232687606,4825.504420398518,5008.953348777305,4759.037417362726,4200.714591862072,3627.769025693542,2493.841953902926,1401.124423994501,728.4783532722834
Gikondo,323.8702474271896,200.7014109056372,155.06514876816956,155.06514876816956,264.4940353988715,661.2350884971787,1755.5239548041982,3054.68528823372,3852.0930943991493,4171.0562168653205,4444.628433442076,4558.719088785745,4467.937277006911,4417.639246156477,4494.926464292511,4513.328182896328,4582.02793235058,4605.336775915416,4195.591841670411,3557.6655967380675,2965.130257695141,1980.0249217707724,1104.1031162290556,583.947870361145
Nyarugenge,179.3599532940991,117.12403340876443,109.77622704685952,109.77622704685952,212.2046477318141,530.5116193295353,1554.7958261790811,3036.1135887391124,4224.621267777234,4700.024339392481,4956.095391104868,4974.464907009631,4535.800867203908,4612.511965622194,4879.384292686581,4755.132887106768,4554.17038310867,4133.875859207708,3219.8087477867357,2269.0026045562395,1537.5284812286045,827.6569086049702,432.19797020724747,263.6392922651486
Rutunga,458.6892883699063,275.68889870937375,185.37701809768234,185.37701809768234,280.4421555836733,701.1053889591832,1651.7567638190926,2400.3947215212715,2459.8104324500155,2483.5767168215134,2721.239560536491,2947.0192620657194,3374.8123807526786,3153.7859360977495,2942.26600519142,3160.9158214091985,3600.5920822819066,4254.164902498095,4658.191736813556,4610.659168070561,4349.230039984085,3189.435362654996,1820.4973828567265,912.6253198655131
Muhima,206.35329474919098,131.15675513719765,111.92043105040865,111.92043105040865,204.60453801402835,511.51134503507086,1438.3524146712675,2684.341588474645,3602.438874435029,3969.6777888191823,4201.388056228231,4249.4788664452035,3978.421572494995,4003.7785451548534,4176.031083568373,4113.950219470099,4026.512382711968,3803.545898978732,3165.2496906443703,2430.7718618760637,1831.8226800828606,1113.9580402985987,605.0698303662718,339.25880662155134
Kimihurura,155.20192374851828,99.68515750528015,88.33678252408396,88.33678252408396,165.32519006697171,413.3129751674293,1183.197050596307,2252.9103513806517,3073.410758401797,3401.610921210254,3594.081940067474,3622.4528775204644,3350.9945896179875,3388.2636847266886,3556.812844958773,3486.7237335692257,3379.365527070978,3136.278176621491,2536.6197259105566,1880.219400293641,1359.5482186279635,791.0333197120159,423.88759730899847,244.763814935345
Gikomero,368.0945962801174,221.23820294556276,148.76361922201633,148.76361922201633,225.05265472048626,562.6316368012157,1325.5219917859147,1926.2981463363656,1973.978793522909,1993.0510523975265,2183.7736411437013,2364.9601004525675,2708.260760195682,2530.8887526617395,2361.145648677644,2536.6104303241245,2889.4472195045482,3413.934338556529,3738.162739425026,3700.018221675791,3490.2233740549987,2559.4971409736654,1460.935029795699,732.3747407853112
Rwezamenyo,254.5050387895854,156.17354652997284,115.68410854072062,115.68410854072062,190.87877909218903,477.1969477304725,1229.1436532451564,2053.3929265977913,2487.208333625493,2660.734496436574,2848.721172815245,2949.9447677883754,2978.865794923556,2912.3474325126417,2915.239535226159,2964.405281355966,3080.089389896686,3210.234012004997,3065.6288763290963,2718.5765507069345,2357.063711517183,1625.3617249971246,913.9044574716929,474.3048450169546
Gitega,179.18866068015944,112.32722012786114,90.9315591511257,90.9315591511257,160.46745732551594,401.1686433137898,1096.5276250576921,1979.0986403480297,2580.8516053187145,2821.552791306988,2995.392536742964,3048.8816891848023,2915.1588080802057,2909.809892836022,3000.7414519871477,2982.0202486325043,2968.6479605220447,2888.4142318592867,2513.990164766416,2032.5877927898684,1618.046861365619,1037.6895573716695,572.3339311276734,310.23708416266413
Kicukiro,97.45787538703095,63.18697415203106,57.832145834062324,57.832145834062324,110.30946335015591,275.7736583753898,800.5468335363257,1547.5453838929639,2136.5764988695246,2372.1889448601487,2503.382238650383,2516.7693094453048,2307.931005044524,2341.6664234477275,2469.6468202471797,2412.3501572449145,2321.318075839446,2125.8668422335872,1681.4160918421824,1210.191199860934,843.3854600800755,470.1539263176548,248.46403395374924,147.79326157593707
