Corridor,Class,Length km,Flow veh/h,v/c (mean),v/c (max),Speed km/h,Free-flow km/h,Delay veh-h,Veh-km,Main sector,Level of service,Rank
Link Kacyiru – Gikondo,primary,3.7297706213554425,1794.8394050039687,1.4956995041699739,1.7616809573972463,15.840369055890445,30.0,442.6559125002936,13388.67856566977,Kimihurura,Congested,1
Link Remera – Gatenga 1,primary,3.4852160583682235,1818.1604323834906,1.515133693652909,1.7727504087796546,15.558021971463633,30.0,431.8744341040581,12673.363871265308,Niboye,Congested,2
Link Gisozi – Kimisagara,primary,2.9920852934591817,1949.9848484330525,1.6249873736942104,1.7089498863797525,14.544299416970288,30.0,417.6983464275133,11669.041974929536,Muhima,Congested,3
Link Kimisagara – Nyakabanda,primary,2.75195931678517,1724.987788251025,1.4374898235425209,1.5211217418716678,18.143310491292162,30.0,209.5694412528997,9494.192430436104,Kimisagara,Congested,4
Link Bumbogo 3 – Kimironko,primary,3.997359275519645,1278.4963152166204,1.0654135960138504,1.445601981533153,22.320291068762646,30.0,155.0379135769738,10221.218208697692,Ndera,Congested,5
Link Kinyinya 1 – Kacyiru,primary,4.456503806196516,1212.8514107693175,1.0107095089744313,1.4059687071924312,23.009214560933387,29.999999999999996,149.2617587014207,10810.153856888555,Kinyinya,Congested,6
Link Remera – Kimironko,primary,3.273980509648329,1382.4214643270993,1.1520178869392497,1.431036132842191,22.089779699944206,29.999999999999996,127.85179390262998,9052.041860652853,Kimironko,Congested,7
Link Kinyinya 1 – Gisozi,primary,3.8111117712320346,1470.1723431838454,1.225143619319871,1.2630046284884038,22.390123655474014,30.0,127.43766502192705,11205.982245695472,Gisozi,Congested,8
Link Remera – Kacyiru,primary,3.8497637065279107,1383.470061223569,1.1528917176863074,1.1722376093250713,23.707030357407387,30.0,94.3581140569778,10652.065661532884,Kimihurura,Congested,9
Link Kimironko – Kinyinya 2,primary,4.134468122764556,1328.3675053826248,1.1069729211521873,1.229209758955368,24.15947471969954,30.0,92.58517500857332,10984.186212641474,Kimironko,Congested,10
Link Kanombe 1 – Remera,primary,3.918776098702533,1101.2179120963442,0.9176815934136202,1.300976957250918,24.570661526571158,30.0,88.65403260078514,8630.852866772522,Nyarugunga,Near capacity,11
Link Kinyinya 2 – Kacyiru,primary,4.579315820661404,955.5555388011929,0.7962962823343274,1.2404152389541407,25.45160911620971,30.0,80.83283324781915,8751.58119270587,Remera,Busy,12
Link Gikondo – Gatenga 1,primary,3.9655608593088076,1332.0549700278034,1.1100458083565028,1.123399822381341,24.431043302078976,30.0,80.31903700283979,10564.690103180048,Gatenga,Congested,13
Link Kinyinya 2 – Kinyinya 1,primary,3.8285239360928935,1298.492491079065,1.0820770758992209,1.1039948261683528,24.872444626057376,30.0,68.43560606706808,9942.619165866177,Kinyinya,Congested,14
Link Kimisagara – Gikondo,primary,4.719187785917345,1237.3809733444853,1.0311508111204046,1.0680730682978394,25.62160277784253,30.0,66.86452980913486,11678.866351867622,Nyarugenge,Congested,15
Link Kinyinya 2 – Bumbogo 1,primary,4.723451216676492,869.2688914132063,0.7243907428443388,1.1564889704303318,26.438502853860864,30.0,58.6902303099627,8211.89840552947,Kinyinya,Busy,16
Link Jali 1 – Kimisagara,primary,6.3749885022998685,1000.0449368456806,0.8333707807047338,1.073786166499981,27.05188417369127,30.0,57.40715886037507,12750.549948348824,Gatsata,Near capacity,17
Link Ndera 2 – Kanombe 1,primary,4.927738971764025,925.4809600990391,0.7712341334158658,1.1391688752116582,26.58897609339592,30.0,57.03588231378523,9121.057189411244,Nyarugunga,Busy,18
Link Kanombe 2 – Gahanga 1,primary,4.889837082563687,1114.1993061093158,0.928499421757763,1.0168549873058343,26.84439523888948,30.0,44.17677265656519,10896.506168760123,Kanombe,Near capacity,19
Link Nyakabanda – Gikondo,primary,3.5176435633454273,1006.823341694331,0.8390194514119426,1.0676430240912302,27.07928996583926,30.0,31.0658463827694,7083.291294673994,Nyarugenge,Near capacity,20
Link Kigarama – Gikondo,primary,3.6258203152257664,850.6866900677164,0.7089055750564304,0.9635082793817681,28.09430498162105,30.0,18.48587034436998,6168.874165479383,Kigarama,Busy,21
Link Kinyinya 1 – Jabana 2,primary,4.630516743321796,817.4190783279951,0.6811825652733291,0.9151811788784323,28.419538782456407,30.000000000000004,18.3336002985231,7570.1454570169035,Kinyinya,Busy,22
Link Kanombe 1 – Kimironko,primary,4.455235063898121,957.9004417033449,0.7982503680861208,0.8527795567134718,28.23234961650362,30.000000000000004,18.13843742107713,8535.34327120048,Nyarugunga,Busy,23
Link Nyakabanda – Nyamirambo,primary,3.4625078420845457,871.4417825691817,0.7262014854743181,0.9155718372747871,28.33044764521145,30.0,14.292337520460098,6034.748012131854,Rwezamenyo,Busy,24
Link Kanombe 1 – Kanombe 2,primary,4.2852816184981855,688.8130134922163,0.5740108445768469,0.8364852690234198,28.91773135997124,30.0,10.605300747004271,5903.515490601075,Kanombe,Free,25
Link Gahanga 1 – Gatenga 1,primary,4.926050917247426,669.3840930893341,0.5578200775744452,0.7774315240193016,29.172132014448287,30.0,8.524633469487721,6594.840251507101,Kagarama,Free,26
Link Kimisagara – Kigali 1,primary,5.0424370333014705,668.7417932641249,0.557284827720104,0.758112545379343,29.24019806251151,30.0,7.750463907147915,6744.176768142918,Kigali,Free,27
Link Nduba 2 – Kinyinya 2,primary,5.586245134628387,560.6381753100427,0.4671984794250356,0.7396239756048695,29.338355738050325,30.0,7.428066938306051,6263.724558225325,Kinyinya,Free,28
Link Gatenga 2 – Kigarama,primary,3.848399949634741,806.0210853486789,0.6716842377905659,0.7327984038823665,29.06834767500632,30.0,6.838597145205676,6203.783008520791,Gatenga,Busy,29
Link Nyamirambo – Kigarama,primary,3.571260646135207,764.174033115556,0.6368116942629634,0.7645772908443002,29.107394328656255,30.0,6.331021184819892,5458.129302528016,Kigarama,Busy,30
Link Jabana 2 – Jali 1,primary,3.5755125727978903,803.7179192524329,0.6697649327103607,0.682022707413545,29.1192886120063,30.0,5.8020846109630355,5747.407050540067,Jabana,Busy,31
Link Bumbogo 3 – Bumbogo 1,primary,5.257177005533885,703.0909393152789,0.5859091160960657,0.6734401769747069,29.410233199532392,29.999999999999996,5.339006431243195,7392.547037935008,Bumbogo,Free,32
Link Kigarama – Nyakabanda,primary,4.601134918726663,670.6793885090838,0.5588994904242365,0.6737759753151331,29.45877648867405,30.000000000000004,4.309964302289183,6171.772707478782,Nyamirambo,Free,33
Link Ndera 2 – Ndera 1,primary,5.739719993420891,495.74856009699994,0.4131238000808332,0.6546480318612637,29.59046595595474,30.0,4.145895890640964,5690.915844196737,Ndera,Free,34
Link Bumbogo 2 – Bumbogo 3,primary,5.9519541857867715,463.888493100758,0.3865737442506317,0.6449005623606884,29.615208250338174,30.0,3.9848286953652874,5522.086116498749,Bumbogo,Free,35
Link Gatenga 1 – Kigarama,primary,4.9187199004504585,629.3801092801215,0.5244834244001012,0.638810450965233,29.567947856761112,30.0,3.482092251401176,6191.488936927635,Gatenga,Free,36
Link Nduba 2 – Kinyinya 1,primary,5.03845801560836,533.8710135036481,0.44489251125304013,0.6271104446037754,29.64554295649471,30.0,2.9698385408756867,5379.77337457683,Kinyinya,Free,37
Link Nyamirambo – Gikondo,primary,5.390704134189829,491.1268466175634,0.40927237218130286,0.5851987692146313,29.73187340014788,30.0,2.2421764087610705,5295.039044945826,Nyamirambo,Free,38
Link Ndera 1 – Bumbogo 3,primary,6.713234220766368,457.10337564152195,0.3809194797012683,0.5602978486646446,29.776222213565923,30.0,2.237614148601547,6137.284047568978,Ndera,Free,39
Link Kigali 1 – Nyakabanda,primary,5.130210524779742,498.7542252641464,0.41562852105345544,0.5614940300552153,29.76627274290056,30.0,1.7619307119827883,5117.428351456981,Kigali,Free,40
Link Ndera 2 – Kanombe 2,primary,5.025207745618885,547.9918844262945,0.4566599036885788,0.5346869271654323,29.771608451242187,30.0,1.5522964215216495,5507.546124310607,Nyarugunga,Free,41
Link Nduba 1 – Nduba 2,primary,6.296440312283024,365.6189442475763,0.30468245353964685,0.5161377476293639,29.840999264145765,30.0,1.3840696357248248,4604.1957189895975,Nduba,Free,42
Link Gatenga 2 – Gatenga 1,primary,4.983533806637272,464.9672064903236,0.38747267207526964,0.5205087840408837,29.82642421336503,30.0,1.1743133424947705,4634.359585044442,Gatenga,Free,43
Link Jabana 2 – Gisozi,primary,4.666040250302662,476.50484181557107,0.3970873681796426,0.5213844059609318,29.822328772053265,30.000000000000004,1.1209639500554462,4446.781542751115,Gisozi,Free,44
Link Bumbogo 3 – Ndera 2,primary,6.076045139916869,516.1582357348638,0.43013186311238644,0.44062188435271377,29.84620787167233,30.0,1.0799073126931018,6272.401479329768,Ndera,Free,45
Link Bumbogo 1 – Nduba 2,primary,5.651493380321818,490.19354801517926,0.4084946233459828,0.4732407420316404,29.85642236607975,29.999999999999996,0.96761791361622,5540.651183368502,Bumbogo,Free,46
Link Kanombe 2 – Masaka 2,primary,6.806060185140636,403.6217936504228,0.33635149470868564,0.46311731098983,29.892543405419254,30.0,0.8864797652935213,5494.148439238384,Nyarugunga,Free,47
Link Gahanga 1 – Gatenga 2,primary,4.757618504397867,473.59120913494,0.39465934094578337,0.47029329395390496,29.867216348770558,30.0,0.7510606329175141,4506.332600201102,Gahanga,Free,48
Link Ndera 2 – Masaka 2,primary,5.090762324972905,465.60070794460245,0.3880005899538353,0.46279643399663184,29.87565074505017,30.000000000000004,0.7405223544169403,4740.52508497019,Nyarugunga,Free,49
Link Nduba 2 – Jabana 2,primary,5.6256624879234245,459.7166749529203,0.3830972291274336,0.43241220026847077,29.89378597895967,30.0,0.6501302722850171,5172.421706711059,Nduba,Free,50
Link Bumbogo 2 – Bumbogo 1,primary,5.604963120023467,349.0675446213664,0.29088962051780526,0.4327557066721539,29.920189259875638,30.0,0.5129038721252255,3913.021427999809,Bumbogo,Free,51
Link Rusororo 2 – Masaka 2,primary,3.874166281234355,401.76036342007984,0.3348003028500665,0.44854076982127944,29.90386288620855,30.0,0.4342968875681007,3112.9729061970675,Rusororo,Free,52
Link Jabana 1 – Nduba 1,primary,6.258324341210656,284.7441716590515,0.23728680971587626,0.37395590451491983,29.95583335069194,30.0,0.2749940438514835,3564.042761023415,Jabana,Free,53
Link Rusororo 1 – Ndera 1,primary,7.617246398243955,251.31010830624498,0.20942509025520417,0.35367884172416697,29.964794599033308,30.0,0.2529804172974493,3828.5820346760856,Rusororo,Free,54
Link Nduba 1 – Rutunga 1,primary,6.616045413473418,258.10206385061224,0.21508505320884358,0.3540873308375598,29.96459733019292,30.0,0.2210550986014739,3415.229951493733,Nduba,Free,55
Link Jabana 2 – Jabana 1,primary,5.2692490398017675,313.9292707499498,0.2616077256249582,0.3649107866491262,29.958747756540244,30.0,0.20770918801342989,3308.3430169296844,Jabana,Free,56
Link Masaka 1 – Kanombe 2,primary,8.916400797348581,236.76172327122785,0.19730143605935654,0.32810214501243595,29.973904047572812,30.0,0.20348607961538984,4222.1248363144,Masaka,Free,57
Link Rusororo 2 – Ndera 2,primary,7.816775382659324,256.25743711919006,0.21354786426599173,0.32897462994613885,29.973461809624943,30.0,0.18114020416027704,4006.2136521933085,Rusororo,Free,58
Link Jabana 1 – Nduba 2,primary,5.153502202504295,290.86438547805284,0.24238698789837737,0.3392616158778515,29.969215658526107,30.0,0.14098923221863685,2997.940502382407,Jabana,Free,59
Link Mageregere 1 – Nyamirambo,primary,8.028404125940094,224.3301034365487,0.18694175286379064,0.31032343625092407,29.97911175491475,30.0,0.13867873407952475,3602.0254560051117,Nyamirambo,Free,60
Link Gahanga 2 – Gahanga 1,primary,4.731098863433428,346.4079321902737,0.2886732768252281,0.33015452702470666,29.96490706748728,30.0,0.13755144483436987,3277.780348539456,Gahanga,Free,61
Link Gahanga 2 – Kigarama,primary,7.961486219344249,291.5667152989104,0.242972262749092,0.3019390785166164,29.978734979776117,30.0,0.1299549467370115,4642.608771743487,Gahanga,Free,62
Link Jali 1 – Gisozi,primary,4.24198008191794,310.94417654923666,0.2591201471243639,0.33926102282782294,29.96791849799291,30.0,0.11906491749117085,2638.0380070204747,Gatsata,Free,63
Link Mageregere 2 – Kigarama,primary,7.626222760904025,227.94283046075984,0.1899523587172999,0.2881908266816471,29.984328590233837,30.0,0.09125923213265523,3476.6856036894683,Mageregere,Free,64
Link Kanyinya – Kigali 1,primary,7.419168432217052,220.250780076117,0.18354231673009752,0.2865981143618733,29.984733208749972,30.0,0.08622458217438547,3268.1552694238153,Kanyinya,Free,65
Link Mageregere 1 – Kigarama,primary,9.340404744578574,181.84155059659807,0.15153462549716504,0.2640623101867194,29.98905901266745,30.000000000000004,0.0719580828091072,3396.947363907979,Mageregere,Free,66
Link Jabana 1 – Jali 1,primary,8.256356449846212,217.33064398009557,0.181108869983413,0.2626790255847934,29.989070771999895,30.0,0.062437677856394244,3588.718528348586,Jabana,Free,67
Link Kigali 1 – Nyamirambo,primary,6.161101109601593,266.8187464951975,0.2223489554126646,0.2622232364465526,29.98687301546644,30.0,0.053310284852970964,3287.794550188135,Kigali,Free,68
Link Rutunga 1 – Bumbogo 1,primary,11.500721351636706,150.3531711796662,0.1252943093163885,0.23248692746268684,29.99342800111832,30.0,0.04686733551400689,3458.339852144551,Bumbogo,Free,69
Link Gikomero – Bumbogo 2,primary,8.532146892775982,171.0739788613298,0.14256164905110819,0.24336497653493372,29.992102733562923,30.0,0.04370836428694173,2919.2566343530384,Gikomero,Free,70
Link Gahanga 2 – Gatenga 2,primary,4.147845850943009,244.77369988701824,0.20397808323918185,0.2652188327660887,29.987938195819147,30.0,0.034133014160428056,2030.5671509926756,Gahanga,Free,71
Link Masaka 2 – Masaka 1,primary,5.439032770151753,216.00764445557766,0.18000637037964803,0.2508020446485272,29.990780371591747,30.0,0.03289082516415999,2349.745313594351,Masaka,Free,72
Link Jali 2 – Jali 1,primary,6.701698621052359,167.9547050786059,0.1399622542321716,0.23487479992162055,29.993144859938724,30.0,0.02874954533712256,2251.163630849098,Jali,Free,73
Link Rutunga 2 – Bumbogo 2,primary,6.633723067029905,161.4607238084425,0.13455060317370207,0.22669448532626774,29.994051715817363,30.0,0.02383487273526065,2142.1714558948192,Bumbogo,Free,74
Link Ndera 1 – Masaka 2,primary,7.273161865904246,209.59083156027833,0.17465902630023192,0.21841537472902278,29.994219920905515,30.0,0.02336887213006112,3048.776087094753,Ndera,Free,75
Link Mageregere 2 – Gatenga 2,primary,5.573835828009556,175.47073227089555,0.1462256102257463,0.2316878660960322,29.9934874481539,30.000000000000004,0.022354265156410535,1956.0901085971805,Gatenga,Free,76
Link Jali 2 – Jabana 2,primary,7.926094979776007,153.0794020792618,0.12756616839938484,0.2117151270972996,29.995472150767217,30.0,0.020236130035537387,2426.6437606550994,Jabana,Free,77
Link Mageregere 2 – Gahanga 2,primary,5.200236411470135,197.33614938516928,0.16444679115430771,0.2279870578086035,29.99368918135849,30.000000000000004,0.019545172913024465,2052.389258664134,Gahanga,Free,78
Link Kigali 1 – Kigali 2,primary,4.752924342223505,196.64160390458025,0.16386800325381687,0.21920243547414023,29.99449406396405,30.0,0.014861885408691058,1869.245331783904,Kigali,Free,79
Link Rusororo 2 – Ndera 1,primary,6.91007794077926,206.6285169239251,0.17219043076993756,0.19049024066950232,29.99577607395457,30.0,0.01397760016456702,2855.6383134638977,Ndera,Free,80
Link Mageregere 2 – Mageregere 1,primary,6.023895987427463,148.28556437076043,0.12357130364230036,0.18062020296299872,29.997561455394436,30.0,0.006995092020150242,1786.513632412881,Mageregere,Free,81
Link Gikomero – Ndera 1,primary,9.648132742192288,118.1850015261025,0.09848750127175207,0.16085818627290022,29.998489795981925,30.000000000000004,0.006238182785454032,2280.52916572007,Rusororo,Free,82
Link Bumbogo 2 – Ndera 1,primary,7.516763780703702,162.57947354867892,0.13548289462389912,0.16336371048451012,29.998095972135314,30.0,0.0058981496006723635,2444.1429965131706,Ndera,Free,83
Link Kanyinya – Jabana 2,primary,9.1424865501378,120.78221355119139,0.10065184462599282,0.1537844459297052,29.998730142192226,30.000000000000004,0.004731505243241863,2208.4995257752776,Jali,Free,84
Link Rusororo 1 – Rusororo 2,primary,7.8700470113689365,127.45463860015515,0.10621219883346263,0.1567735224532157,29.998619313839292,30.0,0.004497105885339551,2006.147995200518,Rusororo,Free,85
Link Kanyinya – Jali 1,primary,5.775903077095833,141.1882123696671,0.11765684364138926,0.16255358081622698,29.998366055871294,30.0,0.004003941267269337,1630.9788605512404,Jali,Free,86
Link Rutunga 2 – Bumbogo 1,primary,11.264494308267745,96.5528046692675,0.08046067055772292,0.1426556107289094,29.999067945800785,29.999999999999996,0.003993210303022523,2175.237037288502,Bumbogo,Free,87
Link Nyamirambo – Kigali 2,primary,4.136082894593521,142.06072095848637,0.11838393413207199,0.1636049551665932,29.998323613118615,30.0,0.0029608825412851644,1175.1498359000375,Kigali,Free,88
Link Nduba 1 – Bumbogo 1,primary,8.722995622155013,117.00012881678761,0.09750010734732302,0.14068111528328126,29.999099134958108,29.999999999999996,0.0029087546530041524,2041.1832229208217,Nduba,Free,89
Link Rutunga 1 – Bumbogo 2,primary,10.84618123565794,94.53489044262321,0.07877907536885267,0.13318505967408606,29.999291269523308,29.999999999999996,0.002727688569823598,2050.685109667518,Bumbogo,Free,90
Link Rusororo 1 – Masaka 2,primary,11.151513337858193,91.23491942824316,0.07602909952353598,0.13087165037206885,29.999339529440256,29.999999999999996,0.0025689830671974012,2034.8148417649422,Rusororo,Free,91
Link Masaka 1 – Ndera 2,primary,9.898426527411225,99.40038176724573,0.08283365147270479,0.12714012280343084,29.99940714139825,30.0,0.0019780571546903027,1967.8147514394163,Masaka,Free,92
Link Rusororo 2 – Masaka 1,primary,7.161517740141376,123.19863332933845,0.1026655277744487,0.11399558052133571,29.99946347097196,30.0,0.0011002932608841641,1764.5783962984597,Masaka,Free,93
Link Kigali 2 – Kigarama,primary,7.68635926699156,93.08286062016343,0.07756905051680286,0.1120153404703588,29.999637987980257,30.0,0.000820193334330145,1430.9366166517539,Nyamirambo,Free,94
Link Rutunga 2 – Gikomero,primary,5.5046682853200215,92.76330039989499,0.07730275033324582,0.08137322126237777,29.99983663510819,30.0,0.00018740494420407052,1021.262395505832,Gikomero,Free,95
Link Rusororo 1 – Gikomero,primary,8.050357382264295,82.3261981937994,0.0686051651614995,0.07546642195052351,29.999894320585675,30.0,0.0001615768460517164,1325.510634766413,Rusororo,Free,96
Link Mageregere 1 – Kigali 2,primary,7.773380016595837,67.358954526522,0.056132462105434995,0.08027478392562593,29.99990421117323,30.0,0.00015703625786804516,1047.2135021105075,Kigali,Free,97
Link Rutunga 2 – Rutunga 1,primary,8.516148069181469,75.65613344189155,0.06304677786824298,0.0664638346064851,29.999927647338215,30.0,0.00010479263700993076,1288.5976694658007,Rutunga,Free,98
Link Kigali 2 – Nyakabanda,primary,6.112946035972525,64.66447972165098,0.05388706643470916,0.07447998184733166,29.999927998030287,30.0,8.556250063479155e-05,790.5809499653842,Kigali,Free,99
Link Jali 2 – Kanyinya,primary,6.185596439847037,64.57419557561595,0.053811829646346614,0.07341382021183819,29.99993156122596,30.0,8.08836745513634e-05,798.8598285170326,Jali,Free,100
Link Jali 2 – Jabana 1,primary,8.716273273610952,39.009851728885984,0.03250820977407166,0.040481873047462404,29.999993142129508,29.999999999999996,6.150628540715929e-06,680.0410560640298,Jabana,Free,101
