Corridor,Busiest hour,v/c at peak,Speed at peak km/h,Hours with v/c ≥ 0.8,v/c morning (07h),v/c evening (17h),Jams mostly in
Link Kacyiru – Gikondo,07:00–08:00,1.4956995041699739,17.13596481007516,8,1.4956995041699739,1.4398262515636342,Both equally
Link Remera – Gatenga 1,07:00–08:00,1.515133693652909,16.755212004286825,11,1.515133693652909,1.4648607384404364,Both equally
Link Gisozi – Kimisagara,07:00–08:00,1.6249873736942104,14.663455003212304,13,1.6249873736942104,1.6201807872572933,Both equally
Link Kimisagara – Nyakabanda,07:00–08:00,1.4374898235425209,18.287251596950554,9,1.4374898235425209,1.3943441196867539,Both equally
Link Bumbogo 3 – Kimironko,07:00–08:00,1.0654135960138504,25.141001438822936,5,1.0654135960138504,1.0000253638096994,Both equally
Link Kinyinya 1 – Kacyiru,07:00–08:00,1.0107095089744313,25.939671774363756,5,1.0107095089744313,0.9958946818460285,Both equally
Link Remera – Kimironko,07:00–08:00,1.1520178869392497,23.73047567417119,6,1.1520178869392497,1.1082172349179598,Both equally
Link Kinyinya 1 – Gisozi,07:00–08:00,1.225143619319871,22.422534469914073,7,1.225143619319871,1.1924438946571425,Both equally
Link Remera – Kacyiru,07:00–08:00,1.1528917176863074,23.71542117294105,6,1.1528917176863074,1.0896938270752174,Both equally
Link Kimironko – Kinyinya 2,07:00–08:00,1.1069729211521873,24.485063846899653,6,1.1069729211521873,1.065706581327851,Both equally
Link Kanombe 1 – Remera,07:00–08:00,0.9176815934136202,27.115461482029048,3,0.9176815934136202,0.8712288534553145,Both equally
Link Kinyinya 2 – Kacyiru,07:00–08:00,0.7962962823343274,28.29360971397322,0,0.7962962823343274,0.7365186680541972,Morning
