Sector,Residents,Slow residents,Unmeasured residents,Slow share %,Stressed tiles,Road delay veh-h,Busy & slow sites,Down Mbps,Priority score,Main driver,Recommended action,Tier
Kinyinya,148264.44913911296,7286.551952891939,65684.84573860218,4.914564479348075,3.0,305.1191008561563,0.0,33.260971234691674,73.0,slow_pop,Add radio capacity / new sites where many residents are below the broadband threshold · measure first: >30% of residents have no test,High
Nyarugenge,27534.52168950392,3922.0416974607747,0.0,14.244088717748983,2.0,97.93037619190427,0.0,36.933243252728836,67.78571428571429,slow_pop,Add radio capacity / new sites where many residents are below the broadband threshold,High
Gisozi,92027.40606444652,8987.176679544038,22826.553983765338,9.765761161680842,0.0,128.5586289719825,0.0,22.66292007932108,66.42857142857142,slow_pop,Add radio capacity / new sites where many residents are below the broadband threshold,High
Kimihurura,20695.808479270905,2556.062464739677,2353.670677909072,12.35062871450444,1.0,537.0140265572713,0.0,62.075438739726735,65.57142857142857,road_delay,"Traffic management: junction/signal re-timing, bus priority, route guidance on delayed corridors",High
Kimironko,71438.19871486243,5726.381074069968,28022.16970068044,8.015853110919238,0.0,220.4369689112033,0.0,42.804623553032684,64.14285714285714,slow_pop,Add radio capacity / new sites where many residents are below the broadband threshold · measure first: >30% of residents have no test,High
Gikondo,29416.36737384461,11076.71376376387,10333.796458760926,37.65493414939013,1.0,0.0,0.0,10.99384705358889,63.285714285714285,slow_pop,Add radio capacity / new sites where many residents are below the broadband threshold · measure first: >30% of residents have no test,High
Gahanga,84597.7650274199,6671.394841926183,67853.45854733353,7.886017839553852,1.0,1.072245211562348,0.0,11.338615593597789,61.0,slow_pop,Add radio capacity / new sites where many residents are below the broadband threshold · measure first: >30% of residents have no test,High
Jabana,72943.0867911942,4828.241341022282,61607.64106633781,6.619189773039813,1.0,6.508457033567058,0.0,12.237583975263414,59.0,slow_pop,Add radio capacity / new sites where many residents are below the broadband threshold · measure first: >30% of residents have no test,Medium
Nyamirambo,70594.65402427866,6671.672020896645,26141.406784675106,9.450675993967119,0.0,6.691639638464109,0.0,32.76756094993572,57.85714285714286,slow_pop,Add radio capacity / new sites where many residents are below the broadband threshold · measure first: >30% of residents have no test,Medium
Remera,41501.93207236843,2118.411622146652,5914.880513469053,5.104368679638097,2.0,80.83283324781915,0.0,47.36062581929087,55.5,slow_pop,Add radio capacity / new sites where many residents are below the broadband threshold,Medium
Bumbogo,122038.51515350267,4507.66112273193,101841.51432873063,3.693638124867462,1.0,10.881780019472043,0.0,23.848258342382398,55.0,slow_pop,Add radio capacity / new sites where many residents are below the broadband threshold · measure first: >30% of residents have no test,Medium
Kigali,72928.55193327874,4144.893224114107,57516.09799888203,5.683498594495897,1.0,9.583770270692153,0.0,17.325328549194822,54.99999999999999,slow_pop,Add radio capacity / new sites where many residents are below the broadband threshold · measure first: >30% of residents have no test,Medium
Kanombe,69461.84685735496,4588.0875203143005,42706.11456185321,6.605190803141582,0.0,54.78207340356946,0.0,32.08482056424368,54.714285714285715,slow_pop,Add radio capacity / new sites where many residents are below the broadband threshold · measure first: >30% of residents have no test,Medium
Kacyiru,33128.29908134242,4433.976497816855,4712.710439293736,13.384256423578455,1.0,0.0,0.0,38.58273869162763,53.00000000000001,slow_pop,Add radio capacity / new sites where many residents are below the broadband threshold,Medium
Nduba,78821.6022254217,4888.467680461065,69492.53123239365,6.201938989365567,0.0,2.2581637612643197,0.0,13.140775504239723,51.285714285714285,slow_pop,Add radio capacity / new sites where many residents are below the broadband threshold · measure first: >30% of residents have no test,Medium
Ndera,100413.42028762362,1507.4371380013204,81008.00196211116,1.5012307455352343,1.0,162.54457555080472,0.0,29.15579713239547,48.42857142857143,road_delay,"Traffic management: junction/signal re-timing, bus priority, route guidance on delayed corridors · measure first: >30% of residents have no test",Medium
Masaka,82691.39296603792,3748.0681817637287,68641.83481895337,4.532597707361264,1.0,0.2394552551951243,0.0,20.733014010997266,47.57142857142857,slow_pop,Add radio capacity / new sites where many residents are below the broadband threshold · measure first: >30% of residents have no test,Medium
Nyarugunga,60261.62067644759,1541.7477661074897,37280.15724396818,2.5584239998876437,0.0,167.0076508768796,0.0,50.14192820544817,44.71428571428572,road_delay,"Traffic management: junction/signal re-timing, bus priority, route guidance on delayed corridors · measure first: >30% of residents have no test",Low
Kicukiro,14106.805783896129,2928.0434678747024,2928.0434678747024,20.756247110293824,0.0,0.0,0.0,35.805553344212264,43.0,slow_share,Coverage-quality programme: most residents here are below the broadband threshold,Low
Kagarama,31589.693915935677,745.265766382361,16835.677393638172,2.3592054052996243,1.0,8.524633469487721,0.0,43.351640014790846,41.857142857142854,slow_pop,Add radio capacity / new sites where many residents are below the broadband threshold · measure first: >30% of residents have no test,Low
Niboye,32367.67793958494,0.0,9500.762466289694,0.0,1.0,431.8744341040581,0.0,38.17217396832331,40.28571428571429,road_delay,"Traffic management: junction/signal re-timing, bus priority, route guidance on delayed corridors",Low
Jali,52670.76600740299,3253.0885903750113,47534.50347796174,6.176269754493001,0.0,0.03756587552218512,0.0,7.436805969009118,39.857142857142854,slow_pop,Add radio capacity / new sites where many residents are below the broadband threshold · measure first: >30% of residents have no test,Low
Rusororo,68952.16061564485,1747.794431694994,63100.94144469779,2.534792842007665,0.0,0.8818833576098697,0.0,30.303643173028927,35.28571428571429,slow_pop,Add radio capacity / new sites where many residents are below the broadband threshold · measure first: >30% of residents have no test,Low
Muhima,24915.082517102062,0.0,3271.7110010217266,0.0,0.0,417.6983464275133,0.0,44.88056831523346,32.85714285714286,road_delay,"Traffic management: junction/signal re-timing, bus priority, route guidance on delayed corridors",Low
Kimisagara,54280.05568391086,0.0,28736.631423239516,0.0,0.0,209.5694412528997,0.0,35.909158849407525,31.142857142857142,road_delay,"Traffic management: junction/signal re-timing, bus priority, route guidance on delayed corridors · measure first: >30% of residents have no test",Low
Mageregere,61851.838476143275,519.1881669377339,60723.3690947312,0.8394061999272482,0.0,0.17021240696191267,0.0,7.981040946745942,29.0,slow_pop,Add radio capacity / new sites where many residents are below the broadband threshold · measure first: >30% of residents have no test,Low
Gatenga,69841.37170585689,0.0,40182.14569933133,0.0,0.0,91.83639400709784,0.0,25.794207548116212,28.285714285714285,road_delay,"Traffic management: junction/signal re-timing, bus priority, route guidance on delayed corridors · measure first: >30% of residents have no test",Low
Gatsata,38082.270579934186,0.0,23954.809342188568,0.0,0.0,57.52622377786624,0.0,19.21759861908455,27.142857142857142,road_delay,"Traffic management: junction/signal re-timing, bus priority, route guidance on delayed corridors · measure first: >30% of residents have no test",Low
Kigarama,55859.70381103736,0.0,25709.896069527284,0.0,0.0,24.81689152918987,0.0,27.103894717877967,26.0,road_delay,"Traffic management: junction/signal re-timing, bus priority, route guidance on delayed corridors · measure first: >30% of residents have no test",Low
Rwezamenyo,20213.62111598613,0.0,5868.314488212635,0.0,0.0,14.292337520460098,0.0,31.250672697998034,25.42857142857143,road_delay,"Traffic management: junction/signal re-timing, bus priority, route guidance on delayed corridors",Low
Kanyinya,33013.00710808595,0.0,32429.054337214417,0.0,0.0,0.08622458217438547,0.0,40.83097036916298,19.142857142857142,slow_pop,Add radio capacity / new sites where many residents are below the broadband threshold · measure first: >30% of residents have no test,Low
Gikomero,20507.805241524173,0.0,19882.424049778692,0.0,0.0,0.0438957692311458,0.0,72.0248048116535,18.571428571428573,slow_pop,Add radio capacity / new sites where many residents are below the broadband threshold · measure first: >30% of residents have no test,Low
Rutunga,25555.144485481436,0.0,25555.144485481436,0.0,0.0,0.00010479263700993076,0.0,,17.42857142857143,slow_pop,Add radio capacity / new sites where many residents are below the broadband threshold · measure first: >30% of residents have no test,Low
Gitega,18692.445745803827,0.0,0.0,0.0,0.0,0.0,0.0,151.03516217318307,15.714285714285715,slow_pop,Add radio capacity / new sites where many residents are below the broadband threshold,Low
Nyakabanda,32247.348592988154,0.0,12029.560400217182,0.0,0.0,0.0,0.0,41.36966591559238,15.714285714285715,slow_pop,Add radio capacity / new sites where many residents are below the broadband threshold · measure first: >30% of residents have no test,Low
