From,To,Vehicles/h,Free-flow min
Gisozi,Kimisagara,615.4861989136517,5.9841705869183635
Nyakabanda,Kimisagara,555.2733495773778,5.50391863357034
Kimisagara,Gisozi,422.73522046233114,5.9841705869183635
Gatenga 1,Remera,389.3630458689377,6.970432116736447
Rusororo 2,Masaka 2,379.0872994641907,7.748332562468711
Kigali 1,Kimisagara,367.7183179870983,10.084874066602941
Kinyinya 1,Kacyiru,366.874658642675,8.913007612393033
Kimisagara,Nyakabanda,362.1556322558681,5.50391863357034
Nyamirambo,Nyakabanda,353.2603813499929,6.925015684169091
Nyamirambo,Kimisagara,332.77329641905345,12.428934317739431
Kimironko,Remera,330.2876610537547,6.547961019296658
Gisozi,Kinyinya 1,329.1604956685845,7.622223542464069
Kinyinya 1,Gisozi,328.9962053268484,7.622223542464069
Nyakabanda,Gikondo,301.4324838535617,7.0352871266908545
Kanombe 1,Remera,298.533711639516,7.837552197405066
Jabana 2,Gisozi,291.7321855719768,9.332080500605324
Nyamirambo,Kigarama,290.955066296262,7.142521292270414
Kinyinya 2,Kacyiru,272.4434894956092,9.158631641322808
Bumbogo 3,Kimironko,271.30091626126807,7.9947185510392895
Gikondo,Kacyiru,271.0088892271084,7.459541242710885
Nyakabanda,Nyamirambo,263.9367987443537,6.925015684169091
Masaka 1,Masaka 2,256.1334707672374,10.878065540303506
Kimisagara,Gikondo,252.52207273745344,9.43837557183469
Nyamirambo,Gikondo,248.25003987047322,10.781408268379659
Jabana 2,Kinyinya 1,246.8621009364081,9.261033486643592
Gatenga 1,Gikondo,244.4348616964685,7.931121718617616
Kinyinya 1,Kimisagara,241.18876870349845,13.606394129382434
Kinyinya 1,Kinyinya 2,236.8599821887302,7.657047872185786
Masaka 2,Ndera 2,235.2711994827763,10.18152464994581
Gikondo,Kimisagara,233.72997126962164,9.43837557183469
Ndera 2,Kanombe 1,232.21784615003995,9.85547794352805
Nyakabanda,Gisozi,228.85593804607913,11.488089220488703
Jali 1,Gisozi,226.0667840269358,8.48396016383588
Remera,Kacyiru,225.89651349036768,7.699527413055821
Kigali 1,Nyakabanda,221.21046658167003,10.260421049559485
Nduba 2,Kinyinya 1,220.99141687639823,10.07691603121672
Gisozi,Nyakabanda,217.32039488287268,11.488089220488703
Ndera 1,Ndera 2,215.59929434226473,11.479439986841783
Nyakabanda,Kacyiru,214.96414560458686,14.49482836940174
Jabana 2,Kimisagara,213.87032886711395,15.316251087523687
