Region,Province,Residents,Devices,Tests,Down Mbps,Est. phone users,"Test devices /1,000 res.",Work share %,Busiest calling hour,People calling in that hour
Kinyinya,City of Kigali,148264.44913911296,57.0,339.0,33.260971234691674,91923.95846625003,0.3844481959833694,26.55860349127182,18:00–19:00,24647.54118277108
Bumbogo,City of Kigali,122038.51515350267,19.0,85.0,23.848258342382398,75663.87939517165,0.15568855435598664,12.476370510396976,18:00–19:00,21566.35110624571
Ndera,City of Kigali,100413.42028762362,21.0,68.0,29.15579713239547,62256.320578326646,0.20913539186144361,11.363636363636363,18:00–19:00,17827.946347429905
Gisozi,City of Kigali,92027.40606444652,37.0,87.0,22.66292007932108,57056.99175995684,0.4020541443283646,39.24611973392461,17:00–18:00,14733.608116107702
Gahanga,City of Kigali,84597.7650274199,15.0,76.0,11.338615593597789,52450.614317000334,0.17730964872580485,40.81300813008129,17:00–18:00,13519.465661025843
Masaka,City of Kigali,82691.39296603792,9.0,39.0,20.733014010997266,51268.66363894351,0.10883841325174409,45.17766497461929,17:00–18:00,13147.679629641756
Nduba,City of Kigali,78821.6022254217,8.0,32.0,13.140775504239723,48869.39337976145,0.10149501880361199,5.0,18:00–19:00,14367.601653649866
Jabana,City of Kigali,72943.0867911942,9.0,25.0,12.237583975263414,45224.71381054041,0.1233838653656551,5.0,18:00–19:00,13296.06586029888
Kigali,City of Kigali,72928.55193327874,14.0,86.0,17.325328549194822,45215.70219863282,0.19196870949540304,28.04532577903683,18:00–19:00,12043.003741403563
Kimironko,City of Kigali,71438.19871486243,30.0,80.0,42.804623553032684,44291.68320321471,0.4199433991853804,52.57731958762887,17:00–18:00,11260.133070013142
Nyamirambo,City of Kigali,70594.65402427866,18.0,72.0,32.76756094993572,43768.68549505277,0.25497681444560244,41.935483870967744,17:00–18:00,11266.906782274877
Gatenga,City of Kigali,69841.37170585689,22.0,73.0,25.794207548116212,43301.65045763127,0.3149995405682315,55.511022044088165,17:00–18:00,10970.329961630754
Kanombe,City of Kigali,69461.84685735496,26.0,74.0,32.08482056424368,43066.34505156008,0.37430620083270927,47.24540901502504,17:00–18:00,11017.507037898273
Rusororo,City of Kigali,68952.16061564485,10.0,36.0,30.303643173028927,42750.33958169981,0.1450280877453905,28.000000000000004,18:00–19:00,11388.69046456483
Mageregere,City of Kigali,61851.838476143275,2.0,5.0,7.981040946745942,38348.13985520883,0.03233533633396225,17.142857142857142,18:00–19:00,10715.565936684066
Nyarugunga,City of Kigali,60261.62067644759,29.0,58.0,50.14192820544817,37362.204819397506,0.4812349829704173,49.597423510466996,17:00–18:00,9531.874572523586
Kigarama,City of Kigali,55859.70381103736,19.0,79.0,27.103894717877967,34633.01636284316,0.3401378579498622,63.82428940568475,11:00–12:00,8886.45613651247
Kimisagara,City of Kigali,54280.05568391086,15.0,36.0,35.909158849407525,33653.63452402473,0.2763445949162161,71.83098591549296,11:00–12:00,8958.502711324893
Jali,City of Kigali,52670.76600740299,3.0,5.0,7.436805969009118,32655.874924589854,0.05695759198904272,5.0,18:00–19:00,9600.827227829417
Remera,City of Kigali,41501.93207236843,60.0,174.0,47.36062581929087,25731.197884868427,1.4457158258409708,85.45034642032333,11:00–12:00,7270.1033469625945
Gatsata,City of Kigali,38082.270579934186,6.0,22.0,19.21759861908455,23611.007759559194,0.15755363082687202,21.17647058823529,18:00–19:00,6483.304954213078
Kacyiru,City of Kigali,33128.29908134242,32.0,86.0,38.58273869162763,20539.5454304323,0.96594153299051,71.69811320754717,11:00–12:00,5464.294161681046
Kanyinya,City of Kigali,33013.00710808595,2.0,2.0,40.83097036916298,20468.064407013288,0.06058218184886695,20.689655172413794,18:00–19:00,5632.246688550553
Niboye,City of Kigali,32367.67793958494,24.0,49.0,38.17217396832331,20067.96032254266,0.7414804375153691,85.46365914786968,11:00–12:00,5670.33044301619
Nyakabanda,City of Kigali,32247.348592988154,5.0,19.0,41.36966591559238,19993.356127652656,0.15505150712102878,33.33333333333333,17:00–18:00,5198.272593189691
Kagarama,City of Kigali,31589.693915935677,15.0,40.0,43.351640014790846,19585.61022788012,0.47483840900506885,47.511312217194565,17:00–18:00,5008.953348777305
Gikondo,City of Kigali,29416.36737384461,8.0,18.0,10.99384705358889,18238.147771783657,0.271957441186744,58.29596412556054,17:00–18:00,4605.336775915416
Nyarugenge,City of Kigali,27534.52168950392,48.0,113.0,36.933243252728836,17071.40344749243,1.743266163882464,92.82639885222382,11:00–12:00,4974.464907009631
Rutunga,City of Kigali,25555.144485481436,0.0,0.0,,15844.18958099849,0.0,5.0,18:00–19:00,4658.191736813556
Muhima,City of Kigali,24915.082517102062,34.0,80.0,44.88056831523346,15447.351160603279,1.3646352556393069,79.24528301886792,11:00–12:00,4249.4788664452035
Kimihurura,City of Kigali,20695.808479270905,29.0,58.0,62.075438739726735,12831.401257147962,1.401249921163826,85.25963149078727,11:00–12:00,3622.4528775204644
Gikomero,City of Kigali,20507.805241524173,3.0,5.0,72.0248048116535,12714.839249744988,0.14628576606167512,5.0,18:00–19:00,3738.162739425026
Rwezamenyo,City of Kigali,20213.62111598613,3.0,10.0,31.250672697998034,12532.4450919114,0.14841477352256405,46.15384615384615,17:00–18:00,3210.234012004997
Gitega,City of Kigali,18692.445745803827,4.0,5.0,151.03516217318307,11589.316362398373,0.21399018910609596,69.23076923076923,11:00–12:00,3048.8816891848023
Kicukiro,City of Kigali,14106.805783896129,12.0,28.0,35.805553344212264,8746.219586015599,0.8506532367305156,89.79591836734694,11:00–12:00,2516.7693094453048
