From,To,Best km,Best min,Free-flow min,Congestion delay min,Best via,Alt km,Alt min,Alt extra min,Alt via
Gisozi,Kimisagara,2.9920852934591817,13.64035762360045,5.9841705869183635,7.656187036682086,Link Gisozi – Kimisagara,10.616968584217808,23.777806957526607,10.137449333926158,Link Jali 1 – Gisozi → Link Jali 1 – Kimisagara
Nyakabanda,Kimisagara,2.75195931678517,9.923886983879285,5.50391863357034,4.419968350308945,Link Kimisagara – Nyakabanda,8.236831349262772,19.68722448835926,9.763337504479974,Link Nyakabanda – Gikondo → Link Kimisagara – Gikondo
Kimisagara,Gisozi,2.9920852934591817,11.046306540928645,5.9841705869183635,5.062135954010282,Link Gisozi – Kimisagara,10.616968584217808,21.48721840819823,10.440911867269586,Link Jali 1 – Kimisagara → Link Jali 1 – Gisozi
Gatenga 1,Remera,3.4852160583682235,17.29665127127357,6.970432116736447,10.326219154537124,Link Remera – Gatenga 1,11.54509518719216,37.94316115868469,20.646509887411117,Link Gikondo – Gatenga 1 → Link Kacyiru – Gikondo → Link Remera – Kacyiru
Rusororo 2,Masaka 2,3.874166281234355,7.79537688383121,7.748332562468711,0.04704432136249892,Link Rusororo 2 – Masaka 2,3.874166281234355,7.79537688383121,0.0,(no distinct alternative)
Kigali 1,Kimisagara,5.0424370333014705,10.584559250440464,10.084874066602941,0.4996851838375225,Link Kimisagara – Kigali 1,7.882169841564912,20.33728886398233,9.752729613541867,Link Kigali 1 – Nyakabanda → Link Kimisagara – Nyakabanda
Kinyinya 1,Kacyiru,4.456503806196516,14.137187887642819,8.913007612393033,5.224180275249786,Link Kinyinya 1 – Kacyiru,8.407839756754298,21.774140698494744,7.636952810851925,Link Kinyinya 2 – Kinyinya 1 → Link Kinyinya 2 – Kacyiru
Kimisagara,Nyakabanda,2.75195931678517,8.277593841393255,5.50391863357034,2.773675207822915,Link Kimisagara – Nyakabanda,8.236831349262772,18.003510922960274,9.725917081567019,Link Kimisagara – Gikondo → Link Nyakabanda – Gikondo
Nyamirambo,Nyakabanda,3.4625078420845457,7.654946539157263,6.925015684169091,0.7299308549881713,Link Nyakabanda – Nyamirambo,8.17239556486187,16.764570025958257,9.109623486800995,Link Nyamirambo – Kigarama → Link Kigarama – Nyakabanda
Nyamirambo,Kimisagara,6.214467158869716,17.578833523036547,12.428934317739431,5.149899205297116,Link Nyakabanda – Nyamirambo → Link Kimisagara – Nyakabanda,10.109891920107174,22.2518816906148,4.673048167578251,Link Nyamirambo – Gikondo → Link Kimisagara – Gikondo
Kimironko,Remera,3.273980509648329,10.667036428007032,6.547961019296658,4.119075408710374,Link Remera – Kimironko,8.374011162600654,20.524766495839216,9.857730067832184,Link Kanombe 1 – Kimironko → Link Kanombe 1 – Remera
Gisozi,Kinyinya 1,3.8111117712320346,10.531551691415048,7.622223542464069,2.909328148950979,Link Kinyinya 1 – Gisozi,9.296556993624458,19.57535918072804,9.043807489312991,Link Jabana 2 – Gisozi → Link Kinyinya 1 – Jabana 2
