Sector,Area km²,Residents,Density /km²,Tested tiles %,Tests,Devices,Down Mbps,Up Mbps,Latency ms,≥10 Mbps %
Kinyinya,23.90481253661585,148264.44913911296,6202.284536304605,43.75,339.0,57.0,33.260971234691674,9.773862113003275,22.372401655606605,91.1763296833091
Bumbogo,61.63108261304541,122038.51515350267,1980.1455690747653,8.484848484848486,85.0,19.0,23.848258342382398,11.720854539842257,20.0,77.68153221441084
Ndera,49.30218971846417,100413.42028762362,2036.6929108225345,12.121212121212121,68.0,21.0,29.15579713239547,9.41027415726933,18.019998771763742,92.23187507367736
Gisozi,8.964213657973351,92027.40606444652,10266.08797778837,70.83333333333334,87.0,37.0,22.66292007932108,8.82294014151782,26.353723168410422,87.01291037707759
Gahanga,37.71921837112699,84597.7650274199,2242.829217589968,13.861386138613863,76.0,15.0,11.338615593597789,7.334454619539451,16.812983022309893,60.157234043342875
Masaka,53.40500532475809,82691.39296603792,1548.3828241039969,6.293706293706294,39.0,9.0,20.733014010997266,6.760797514311284,20.0,73.32251916732702
Nduba,47.81280554051357,78821.6022254217,1648.5458515634105,4.6875,32.0,8.0,13.140775504239723,13.091590532956339,20.32166989423556,47.59963040141515
Jabana,36.23258405577547,72943.0867911942,2013.1903007223434,9.278350515463918,25.0,9.0,12.237583975263414,4.367536162331324,20.701868175351226,57.405809544525425
Kigali,29.87852328216204,72928.55193327874,2440.835219484166,11.25,86.0,14.0,17.325328549194822,2.6666912947970913,20.46736769638213,73.1068573391564
Kimironko,11.951996444427174,71438.19871486243,5977.09337072065,56.25,80.0,30.0,42.804623553032684,19.048048316721307,18.35760866231349,86.81044488845484
Nyamirambo,9.33690087193092,70594.65402427866,7560.8229103624735,44.0,72.0,18.0,32.76756094993572,15.960261949906702,18.0,84.99171053818351
Gatenga,12.698072907516831,69841.37170585689,5500.155197920871,32.35294117647059,73.0,22.0,25.794207548116212,12.042600815685136,19.36993514400749,100.0
Kanombe,22.408384306190914,69461.84685735496,3099.8150472706893,28.333333333333332,74.0,26.0,32.08482056424368,16.33336088314051,19.79112126829337,82.85194563302734
Rusororo,53.78408482818389,68952.16061564485,1282.017921024708,4.166666666666666,36.0,10.0,30.303643173028927,10.98040875318678,18.94768776138902,70.12939729939906
Mageregere,56.01792258784667,61851.838476143275,1104.1437386248647,1.3333333333333335,5.0,2.0,7.981040946745942,3.5328149768892922,30.04196198120462,53.99182507831409
Nyarugunga,15.68630331202053,60261.62067644759,3841.6712642722305,30.952380952380953,58.0,29.0,50.14192820544817,10.220127149292502,16.91616538632138,93.29134208255616
Kigarama,7.84303281333551,55859.70381103736,7122.2070773513915,52.38095238095239,79.0,19.0,27.103894717877967,14.242138400983368,29.270809238220515,100.0
Kimisagara,3.361444756147073,54280.05568391086,16147.835119006177,44.44444444444444,36.0,15.0,35.909158849407525,17.924092801552135,18.57475797671993,100.0
Jali,37.72592435892897,52670.76600740299,1396.1424909377172,1.9801980198019802,5.0,3.0,7.436805969009118,3.1175755963650253,29.0,36.66428513480027
Remera,7.469922775981077,41501.93207236843,5555.8716357569965,80.0,174.0,60.0,47.36062581929087,15.503451323772763,17.017188896664123,94.04724041653039
Gatsata,5.6026022716640025,38082.270579934186,6797.246838766506,33.33333333333333,22.0,6.0,19.21759861908455,7.7406576989503115,14.069299161721519,99.99999999999999
Kacyiru,5.602498677007951,33128.29908134242,5913.129300199102,86.66666666666667,86.0,32.0,38.58273869162763,16.0554384644572,16.0,84.39597168416364
Kanyinya,23.904582980278157,33013.00710808595,1381.0325465757949,3.125,2.0,2.0,40.83097036916298,36.017743724280045,19.02182676557143,100.0
Niboye,5.228760470142166,32367.67793958494,6190.315682734819,64.28571428571429,49.0,24.0,38.17217396832331,14.640050994038829,16.0,99.99999999999999
Nyakabanda,2.6144036901711294,32247.348592988154,12334.49475083833,42.857142857142854,19.0,5.0,41.36966591559238,13.318149034737335,18.818442973357644,100.0
Kagarama,8.216412212117818,31589.693915935677,3844.706558094325,36.36363636363637,40.0,15.0,43.351640014790846,19.464694345956893,19.585067498726914,94.94872623155835
Gikondo,4.108336234753202,29416.36737384461,7160.165500819025,63.63636363636363,18.0,8.0,10.99384705358889,5.971164995256857,18.488984111793325,41.95376601478598
Nyarugenge,4.481901063505738,27534.52168950392,6143.491634321452,100.0,113.0,48.0,36.933243252728836,15.251607710864477,20.531469540109146,85.755911282251
Rutunga,44.07869905902579,25555.144485481436,579.7617677250533,0.0,0.0,0.0,,,,
Muhima,2.987992521789687,24915.082517102062,8338.401898736658,87.5,80.0,34.0,44.88056831523346,17.805729890121263,19.912632295522958,100.0
Kimihurura,5.228898066337569,20695.808479270905,3957.9674755003757,85.71428571428571,58.0,29.0,62.075438739726735,13.457081841731595,18.0,86.06453352155114
Gikomero,34.738044665056826,20507.805241524173,590.3557738859458,3.225806451612903,5.0,3.0,72.0248048116535,11.233381140457364,15.348333113636166,100.0
Rwezamenyo,1.1204587233816703,20213.62111598613,18040.487073882698,66.66666666666666,10.0,3.0,31.250672697998034,14.879809347918878,18.136461563211085,100.0
Gitega,0.7469847448237046,18692.445745803827,25023.86544750043,100.0,5.0,4.0,151.03516217318307,18.10900229624588,13.499994275740328,100.0
Kicukiro,1.8674262892052265,14106.805783896129,7554.143296279695,80.0,28.0,12.0,35.805553344212264,9.62048117557213,16.773271978706074,73.8070871792468
