site_id,Site,Sector,Tiles,Devices (avg),Tests (avg),Activity idx,Residents,Down Mbps,Latency ms,lon,lat,Rank,Gap flag
53,Remera #1,Remera,10,56.25,140.5,97.63291139240508,25140.580330023728,50.56564,17.0,30.11353759765625,-1.9579562108624902,1,ok
54,Kimihurura,Kimihurura,9,52.0,193.25,97.93530239099859,14076.466710349905,62.15505660377359,18.625,30.092028104341946,-1.9514388665181008,2,ok
10,Muhima,Muhima,9,51.75,123.25,97.81715893108299,30275.75540500303,42.946084210526315,20.0,30.059403129245926,-1.9444322965621785,3,ok
15,Kicukiro,Kicukiro,10,32.24999999999999,75.41666666666666,96.30126582278481,26626.671074635415,50.15574509803922,15.0,30.098671136900442,-1.9680179759634695,4,ok
52,Nyarugenge,Nyarugenge,7,30.0,99.0,98.29294755877035,19615.09656690947,44.86304651162791,55.885714285714286,30.063446044921875,-1.9575200624317688,5,ok
55,Niboye,Niboye,8,23.916666666666664,40.83333333333333,96.54746835443039,20072.746623472165,30.877750000000002,16.0,30.11250140359593,-1.9751858688292219,6,ok
13,Kimironko,Kimironko,7,21.833333333333332,44.916666666666664,96.4737793851718,18010.443980941163,48.20069696969697,17.192307692307693,30.12564389760258,-1.944709754035749,7,ok
29,Gatenga #1,Gatenga,7,20.083333333333332,80.41666666666666,95.83001808318265,12289.865417256744,26.859491228070162,22.577319587628867,30.071597277376167,-1.9922152143489529,8,ok
51,Kigarama,Kigarama,8,17.166666666666664,54.91666666666667,93.25316455696202,30137.647725515486,27.051259259259265,33.58333333333334,30.072753313675673,-1.9740284995045645,9,ok
11,Kacyiru,Kacyiru,4,14.0,38.25,97.40506329113924,9855.046298542971,32.00217647058824,30.352941176470587,30.076054164341517,-1.935971842989905,10,ok
19,Nyamirambo,Nyamirambo,5,13.916666666666668,29.916666666666664,96.13164556962025,24180.139181711656,27.82238181818182,22.750000000000004,30.04196623842159,-1.9778204605622172,11,ok
31,Gatenga #2,Gatenga,6,13.5,35.66666666666667,94.32911392405065,14084.953611917394,19.75,21.31578947368421,30.095926920572918,-1.9955477544988167,12,ok
3,Gisozi,Gisozi,4,12.0,37.5,96.16455696202532,16283.049743128975,18.206037037037035,32.111111111111114,30.058364868164062,-1.9216748312998335,13,ok
12,Remera #2,Remera,4,11.416666666666666,48.5,96.21518987341773,5328.8603113385325,49.24471428571428,26.857142857142858,30.099551903940466,-1.9386968162632976,14,ok
32,Masaka,Masaka,3,11.0,59.0,98.0759493670886,2927.544878618341,,,30.20815762606534,-1.9938656890375628,15,ok
9,Ndera,Ndera,4,10.166666666666666,59.833333333333336,95.37974683544304,9820.898276751452,34.623000000000005,19.372881355932204,30.14229696305072,-1.934396828306599,16,ok
35,Kanombe,Kanombe,4,9.5,41.5,95.02531645569621,5744.529602547355,41.813,25.363636363636363,30.14691804584704,-1.99925044979574,17,ok
22,Nyarugunga,Nyarugunga,3,6.833333333333334,11.833333333333332,94.47257383966245,4666.347320270117,47.003,17.0,30.176696777343746,-1.9796236933242588,18,ok
