quadkey,down_mbps,lat_ms,tests,devices,b_down,b_lat,b_n,speed_chg,lat_chg,stressed,severity,qlabel,lon,lat,admin_name,pop
3001010303301022,26.138,111,8,5,45.629,20.0,7,-0.4271625501325911,4.55,True,12.22932510026518,2026-Q2,30.10528564453125,-1.9524418484935027,Remera,2177.285880278693
3001010303300032,41.611,77,8,4,96.832,18.0,7,-0.5702763549239921,3.2777777777777777,True,9.334997154292427,2026-Q2,30.07232666015625,-1.9524418484935027,Nyarugenge,1414.466194401429
3001010303300200,58.01,51,5,3,77.992,18.0,7,-0.25620576469381484,1.8333333333333335,True,5.095744862720963,2026-Q2,30.06134033203125,-1.957931814530091,Nyarugenge,1462.6482448002675
3001010303120222,3.458,42,8,1,12.6295,17.5,2,-0.7261966031909418,1.4,True,4.952393206381883,2026-Q2,30.06134033203125,-1.8865608717161193,Jabana,2002.180838292873
3001010303302310,17.501,39,18,4,63.067,18.0,5,-0.7225014666941507,1.1666666666666665,True,4.3616696000549675,2026-Q2,30.09429931640625,-2.001850891210238,Kagarama,786.371630127062
3001010303300111,22.767,44,5,2,69.516,21.0,7,-0.6724926635594684,1.0952380952380953,True,4.083080565214175,2026-Q2,30.09979248046875,-1.9359718429899049,Remera,1125.7658393791648
3001010303313023,17.375,39,17,1,48.6065,18.5,4,-0.6425375207019637,1.108108108108108,True,4.055345311674197,2026-Q2,30.19866943359375,-1.9963610704462975,Masaka,2772.0055442170374
3001010303122331,26.349,38,60,5,38.7795,17.5,6,-0.32054307043669983,1.1714285714285713,True,3.5696575694448276,2026-Q2,30.09979248046875,-1.924991750329447,Kinyinya,4252.774429610896
3001010303300100,27.957,32,11,4,76.93,17.0,7,-0.6365917067463929,0.8823529411764706,True,3.479065766433962,2026-Q2,30.08331298828125,-1.9359718429899049,Kacyiru,2360.039334996917
3001010303302013,0.31,54,10,1,27.249,34.0,5,-0.9886234357224118,0.588235294117647,True,3.447835106738941,2026-Q2,30.07781982421875,-1.9853813739629322,Gikondo,2436.5409001866465
3001010303122102,11.503,26,6,1,24.136,14.0,5,-0.523409015578389,0.8571428571428572,True,3.189675174013921,2026-Q2,30.08331298828125,-1.8975412101454638,Kinyinya,2762.0355534228647
3001010303122300,30.914,23,6,4,118.506,15.5,6,-0.7391355711947074,0.4838709677419355,True,2.6879485617442533,2026-Q2,30.08331298828125,-1.9140115869457945,Kinyinya,4524.516399469075
3001010303310030,27.48,25,17,1,65.292,16.0,3,-0.5791214850211358,0.5625,True,2.564492970042272,2026-Q2,30.16021728515625,-1.946951864524379,Ndera,607.5489988517216
3001010303303011,14.498,24,7,2,22.118499999999997,14.0,6,-0.3445305965594412,0.7142857142857142,True,2.474775478833168,2026-Q2,30.12176513671875,-1.979891498344187,Niboye,1738.9221149564696
3001010303211213,20.115,40,10,1,28.2835,23.0,2,-0.28880796223946825,0.7391304347826086,True,2.4254420114354582,2026-Q2,30.03387451171875,-1.963421762583797,Kigali,575.0696710689019
3001010303132023,9.632,24,5,1,100.563,19.5,2,-0.9042192456470074,0.23076923076923084,True,2.3853615682170917,2026-Q2,30.15472412109375,-1.9085214788586462,Bumbogo,915.0620043147634
3001010303300310,55.946,30,9,4,83.77,19.0,7,-0.33214754685448256,0.5789473684210527,True,2.111663514761597,2026-Q2,30.09429931640625,-1.957931814530091,Kimihurura,1363.167377664581
3001010303321022,6.095,32,8,1,14.0605,24.0,2,-0.566516126738025,0.33333333333333326,True,1.966365586809383,2026-Q2,30.10528564453125,-2.040279118941826,Gahanga,1078.2509611375638
