Hour,Clock,Window,Vehicle trips /h,Avg speed km/h,Free-flow km/h,Delay veh-h,Road km over capacity %,Speed index
0,00:00–01:00,OFFPEAK,2320.207485460357,29.999975992734903,30.000000000000004,0.000535882335725546,0.0,0.99999919975783
1,01:00–02:00,OFFPEAK,1740.1556140952678,29.999992403947118,30.0,0.0001271673902465409,0.0,0.9999997467982372
2,02:00–03:00,OFFPEAK,1740.1556140952678,29.999992403947118,30.0,0.0001271673902465409,0.0,0.9999997467982372
3,03:00–04:00,OFFPEAK,2900.2593568254465,29.99994138858054,30.0,0.0016353831047126732,0.0,0.9999980462860181
4,04:00–05:00,OFFPEAK,8700.778070476339,29.995253216932625,30.000000000000004,0.3973980944297182,0.0,0.9998417738977541
5,05:00–06:00,AM,23202.074854603576,29.862809314193388,30.0,31.219920226616523,0.0,0.9954269771397796
6,06:00–07:00,AM,43503.8903523817,28.38810953413002,30.0,723.4993567531419,2.5281348791082126,0.946270317804334
7,07:00–08:00,AM,58005.18713650893,25.43549047875896,30.000000000000004,3048.82033463052,9.166910715890205,0.8478496826252986
8,08:00–09:00,AM,52204.66842285804,26.839873270561274,30.0,1800.2979193959764,6.581174138404714,0.8946624423520425
9,09:00–10:00,AM,34803.112281905356,29.31813968942915,29.999999999999996,237.07626922086638,0.8479814313896795,0.9772713229809717
10,10:00–11:00,AM,26682.38608279411,29.760871700762102,30.0,62.794410940980924,0.0,0.9920290566920701
11,11:00–12:00,OFFPEAK,24362.178597333746,29.711001051894193,30.0,68.39367447635777,0.0,0.9903667017298065
12,12:00–13:00,OFFPEAK,23202.074854603572,29.76183307060597,30.0,53.58823357315305,0.0,0.9920611023535323
13,13:00–14:00,OFFPEAK,23202.074854603572,29.76183307060597,30.0,53.58823357315305,0.0,0.9920611023535323
14,14:00–15:00,OFFPEAK,24942.23046869884,29.682780252609433,30.0,76.93283965536557,0.0,0.9894260084203145
15,15:00–16:00,OFFPEAK,31902.85292507991,29.16573224500755,30.0,263.38008438689576,1.076240333426816,0.972191074833585
16,16:00–17:00,PM,46404.149709207144,27.79142619599901,30.0,1077.1672658763437,3.45986142196913,0.926380873199967
17,17:00–18:00,PM,55104.92777968348,25.906097045582207,30.0,2543.614187115805,7.509543298898142,0.8635365681860736
18,18:00–19:00,PM,49304.40906603259,27.241068167228352,30.0,1458.5718942884323,6.261344108112921,0.9080356055742784
19,19:00–20:00,PM,34803.112281905356,29.264161973043063,29.999999999999996,255.61684141401565,0.8479814313896795,0.9754720657681022
20,20:00–21:00,PM,23202.074854603572,29.851730911472938,30.0,33.66147705863568,0.0,0.995057697049098
21,21:00–22:00,OFFPEAK,16241.452398222502,29.94246904935594,30.000000000000004,9.006574416640433,0.0,0.9980823016451978
22,22:00–23:00,OFFPEAK,9280.829941841428,29.993855394013295,30.000000000000004,0.5487435117893256,0.0,0.9997951798004431
23,23:00–00:00,OFFPEAK,4640.414970920714,29.999615888369124,30.000000000000004,0.017148234743444846,0.0,0.9999871962789707
