quadkey,admin_name,pop,dens,down_mbps,lat_ms,tests,lon,lat
3001010303122200,Gisozi,4945.283246194818,13240.011093124918,0.51,29.0,1.0,30.06134033203125,-1.9140115869457945
3001010303122211,Kinyinya,4524.516399469075,12113.491652088927,3.536,28.0,1.0,30.07781982421875,-1.9140115869457945
3001010303213112,Nyamirambo,4182.03902890148,11197.52628607198,3.038,17.0,2.0,30.05035400390625,-1.9853813739629322
3001010303122222,Gisozi,4041.8934333492193,10821.573575078093,5.278,21.0,1.0,30.06134033203125,-1.93048180552525
3001010303300221,Nyarugenge,3922.0416974607747,10501.16775834904,7.773,13.0,2.0,30.06683349609375,-1.9689116926042771
3001010303302011,Gikondo,3497.774404185567,9365.32651675556,6.813,18.0,2.0,30.07781982421875,-1.979891498344187
3001010303301231,Kanombe,3324.6329117692176,8901.620797152722,5.944,30.0,1.0,30.12176513671875,-1.9689116926042771
3001010303300320,Gikondo,3295.7032273283053,8824.16229646753,0.933,45.0,1.0,30.08331298828125,-1.9689116926042771
3001010303033121,Jali,3253.0885903750113,8709.385648316491,5.476,29.0,1.0,30.04486083984375,-1.903031353241752
3001010303301121,Kimironko,2987.365714684387,7998.386781872255,8.411,15.0,1.0,30.13275146484375,-1.946951864524379
3001010303300332,Kicukiro,2928.0434678747024,7839.814280196368,6.602,18.0,2.0,30.09429931640625,-1.974401604541188
3001010303033111,Jabana,2826.060502729408,7566.021506320623,2.854,22.0,2.0,30.05584716796875,-1.8920510496201348
3001010303122013,Kinyinya,2762.0355534228647,7394.6587024542605,6.704,31.0,8.0,30.07781982421875,-1.8975412101454638
3001010303123332,Kimironko,2739.015359385581,7333.309678652059,8.914,21.0,1.0,30.13824462890625,-1.93048180552525
3001010303123121,Bumbogo,2631.7589291243,7045.920456934637,7.723,39.0,5.0,30.13275146484375,-1.903031353241752
3001010303213102,Nyamirambo,2489.632991995165,6666.061860704511,7.733,18.0,1.0,30.03936767578125,-1.9853813739629322
3001010303120331,Nduba,2444.2338402305327,6543.700076661404,0.866,18.0,1.0,30.09979248046875,-1.8810706764837721
3001010303120330,Nduba,2444.2338402305327,6543.700076661404,5.88,22.0,3.0,30.09429931640625,-1.8810706764837721
3001010303302013,Gikondo,2436.5409001866465,6523.9063022556475,0.31,54.0,10.0,30.07781982421875,-1.9853813739629322
3001010303300013,Kacyiru,2360.0316803114288,6318.718631443592,5.955,16.0,2.0,30.07781982421875,-1.9414618626730635
3001010303210313,Kigali,2193.026985053665,5871.7358308776165,9.17,23.0,1.0,30.01190185546875,-1.963421762583797
3001010303301003,Remera,2118.411622146652,5671.808178506454,8.283,24.0,1.0,30.11077880859375,-1.9414618626730635
3001010303313103,Masaka,2094.270752104664,5607.468422647319,4.693,15.0,11.0,30.22064208984375,-1.9853813739629322
3001010303300101,Kacyiru,2073.9448175054267,5552.71730440548,9.926,13.0,10.0,30.08880615234375,-1.9359718429899049
3001010303120222,Jabana,2002.180838292873,5360.27006635316,3.458,42.0,8.0,30.06134033203125,-1.8865608717161193
3001010303300211,Gikondo,1846.695232063351,4944.414957414586,3.012,41.0,1.0,30.07781982421875,-1.957931814530091
3001010303302331,Gahanga,1793.1309030109371,4801.318642293258,8.529,14.0,10.0,30.09979248046875,-2.0128304775309447
3001010303313112,Masaka,1653.7974296590648,4428.088801292224,4.0,18.0,1.0,30.22613525390625,-1.9853813739629322
3001010303300120,Kimihurura,1641.8901918139934,4396.004393750024,9.279,16.0,1.0,30.08331298828125,-1.946951864524379
3001010303301302,Nyarugunga,1541.7477661074897,4127.9636147328765,7.641,15.0,1.0,30.12725830078125,-1.963421762583797
3001010303303220,Gahanga,1419.899331186097,3801.947263055983,6.861,13.0,8.0,30.10528564453125,-2.0128304775309447
3001010303211232,Kigali,1383.4873179219605,3704.276849205333,8.664,33.0,16.0,30.02838134765625,-1.974401604541188
3001010303313002,Rusororo,1374.7826398233426,3681.0189098357064,7.424,18.0,2.0,30.19317626953125,-1.9853813739629322
3001010303302323,Gahanga,1336.899243837613,3579.72892024508,5.194,15.0,8.0,30.08880615234375,-2.0183202429870364
3001010303303121,Kanombe,1263.4546085450827,3382.9575011535744,7.264,23.0,1.0,30.13275146484375,-1.9908712313470815
3001010303321022,Gahanga,1078.2509611375638,2887.2415028978444,6.095,32.0,8.0,30.10528564453125,-2.040279118941826
3001010303320102,Gahanga,1043.2144027539728,2793.385784785146,0.195,68.0,1.0,30.08331298828125,-2.0292997182390153
3001010303123302,Bumbogo,960.8401892928671,2572.47476456015,0.52,51.0,1.0,30.12725830078125,-1.919501677452845
3001010303311021,Ndera,955.530114073657,2558.340747006622,4.393,540.0,6.0,30.19866943359375,-1.946951864524379
3001010303132023,Bumbogo,915.0620043147634,2449.8806247512107,9.632,24.0,5.0,30.15472412109375,-1.9085214788586462
3001010303300123,Kimihurura,914.1722729256837,2447.6250392199363,4.662,25.0,1.0,30.08880615234375,-1.9524418484935027
3001010303303300,Kagarama,745.265766382361,1995.5098345295116,3.914,19.0,1.0,30.12725830078125,-2.001850891210238
3001010303212130,Kigali,568.3789211384818,1521.8605573627883,8.055,15.0,3.0,30.00640869140625,-1.9908712313470815
3001010303133223,Ndera,551.9070239276632,1477.64966210072,6.589,47.0,4.0,30.19866943359375,-1.93048180552525
3001010303231313,Mageregere,519.1881669377339,1390.2534744526824,1.779,43.0,4.0,30.05584716796875,-2.0512584446928064
3001010312200121,Rusororo,373.01179187165144,998.7034968378169,5.212,60.0,6.0,30.26458740234375,-1.946951864524379
