zone,lon,lat,pop,dev,sector,tiles,name,zone_id,attract,node
5,30.05914104642017,-1.9252315068915098,95374.60089332194,46.416666666666664,Gisozi,26,Gisozi,0,0.04504909326281552,0
35,30.05341057304849,-1.964386806065539,92334.17292580493,32.41666666666667,Nyakabanda,20,Nyakabanda,1,0.036783731817612124,1
24,30.05436835385272,-1.9453732209598968,87402.2042779577,77.0,Kimisagara,23,Kimisagara,2,0.06008159757966461,2
1,30.04486344922802,-1.986765062860999,84860.49636694838,28.166666666666664,Nyamirambo,33,Nyamirambo,3,0.03291941036720712,3
11,30.083653176129094,-1.915488339798831,84526.96828905921,37.333333333333336,Kinyinya,26,Kinyinya 1,4,0.03785041072886011,4
10,30.10142418313504,-1.9817994806927688,77554.21723035249,53.75,Gatenga,27,Gatenga 1,5,0.04536244704180818,5
32,30.060831413561417,-1.8929967419007474,63984.15498456806,29.0,Jabana,40,Jabana 2,6,0.029055099027117965,6
37,30.07740599222189,-1.9685182291943542,63780.25088034266,45.49999999999999,Gikondo,23,Gikondo,7,0.03801291574366529,7
28,30.109537963430785,-1.9211622903017773,62402.749756369434,36.0,Kinyinya,29,Kinyinya 2,8,0.03254612281555801,8
2,30.12739322306454,-1.9435141908767422,60381.3333862098,46.833333333333336,Kimironko,28,Kimironko,9,0.03803702704791552,9
25,30.152382644770306,-1.9316423645939444,56519.05173157563,40.25,Bumbogo,43,Bumbogo 3,10,0.033647096660056955,10
38,30.098729103678387,-1.8840580852415234,55594.87031573605,20.75,Nduba,45,Nduba 2,11,0.022819540174612844,11
27,30.169710972633304,-1.9699420858684842,55257.214878885075,34.5,Ndera,42,Ndera 2,12,0.030249686676292496,12
20,30.020111886759786,-1.952056466060529,54962.524006782405,24.416666666666668,Kigali,48,Kigali 1,13,0.024688721603342904,13
13,30.134447760969575,-1.899998084612485,54583.588829481494,13.5,Bumbogo,55,Bumbogo 1,14,0.018655782778271644,14
14,30.135755603576367,-1.9731801128929884,52971.98827281146,46.5,Kanombe,32,Kanombe 1,15,0.036322377997859034,15
19,30.068989731102036,-1.9921487942632905,50572.20660702007,37.58333333333333,Kigarama,28,Kigarama,16,0.03096227948297186,16
23,30.111984303071807,-1.9601218644989677,48800.265943436614,82.33333333333333,Remera,20,Remera,17,0.05500479476300807,17
17,30.19772772801486,-1.9417891549302522,48309.74437686876,15.0,Ndera,72,Ndera 1,18,0.018176043890600464,18
16,30.089550398670383,-1.9457491727792366,46460.90799847005,87.16666666666666,Kacyiru,27,Kacyiru,19,0.05715719658965401,19
8,30.197100290440275,-1.9920999519192186,44470.818538440566,37.75,Masaka,46,Masaka 2,20,0.029790945308452874,20
36,30.222260455000548,-1.982825385628121,43526.532019177255,21.5,Rusororo,43,Rusororo 2,21,0.02073195679114631,21
6,30.118895504212414,-2.011064043329631,41931.56733512155,17.25,Gahanga,47,Gahanga 1,22,0.018083811789437035,22
18,30.038733216712092,-1.9041331901150031,41201.21826637612,19.0,Jali,39,Jali 1,23,0.01888726405288012,23
21,30.08600029828446,-2.012636871542678,39612.616870315316,27.25,Gatenga,33,Gatenga 2,24,0.023058617293964124,24
39,30.150484123600112,-1.998912497207397,35743.534994613714,22.333333333333332,Kanombe,49,Kanombe 2,25,0.019576370998723024,25
29,30.09991539019861,-2.037736069919655,34217.35921415945,28.499999999999996,Gahanga,48,Gahanga 2,26,0.022624275093065072,26
26,30.11394254462653,-1.8432403783444027,33804.535025235404,7.0,Nduba,79,Nduba 1,27,0.01081159810262826,27
15,30.17303833793928,-1.8960168054240287,33710.37347227793,8.0,Bumbogo,75,Bumbogo 2,28,0.0113375726896296,28
9,30.023448495142585,-2.0380152941212577,33035.59446871075,6.0,Mageregere,97,Mageregere 1,29,0.0101070666343361,29
3,30.204351790168644,-2.0290219088493746,32801.595719429184,12.0,Masaka,86,Masaka 1,30,0.013331384702128468,30
4,30.073529763023444,-1.8588255971131638,31342.75578284469,14.0,Jabana,63,Jabana 1,31,0.01412049183181269,31
0,30.1550922247006,-1.8231598955446668,30380.71817849988,3.0,Rutunga,112,Rutunga 1,32,0.007921467368276884,32
7,30.250139456954503,-1.9360514065465597,26996.06016573596,5.0,Rusororo,78,Rusororo 1,33,0.008312165009861934,33
34,30.06460360327776,-2.0447235079153,26669.010719182574,9.5,Mageregere,51,Mageregere 2,34,0.010699051112677268,34
12,29.998773472551537,-1.9053722225111023,23562.411945024825,8.5,Kanyinya,55,Kanyinya,35,0.00951090947094355,35
30,30.013538693814056,-1.865206306404554,22419.42481112883,4.0,Jali,62,Jali 2,36,0.006819905067054939,36
31,30.016306937026098,-1.984715885203714,21655.665299877393,6.0,Kigali,44,Kigali 2,37,0.0077528090796690815,37
22,30.23081896188739,-1.883814957598719,21044.314207501284,6.0,Gikomero,92,Gikomero,38,0.007626333957862332,38
33,30.201245000385967,-1.859805799568798,18746.618897976146,3.0,Rutunga,81,Rutunga 2,39,0.005514627596555612,39
